<?xml version="1.0" encoding="UTF-8"?><!DOCTYPE filesystem PUBLIC "-//NetBeans//DTD Filesystem 1.0//EN" "http://www.netbeans.org/dtds/filesystem-1_0.dtd"><!--                Sun Public License NoticeThe contents of this file are subject to the Sun Public LicenseVersion 1.0 (the "License"). You may not use this file except incompliance with the License. A copy of the License is available athttp://www.sun.com/The Original Code is NetBeans. The Initial Developer of the OriginalCode is Sun Microsystems, Inc. Portions Copyright 1997-2005 SunMicrosystems, Inc. All Rights Reserved.--><filesystem><folder name="Templates">  <folder name="Povray">    <!-- URL is a pointer to the content for the file -->    <file name="Empty.pov" url="templates/Empty.pov">          <!-- Identifies the resource bundle where localized name of Empty.pov is -->      <attr name="SystemFileSystem.localizingBundle"             stringvalue="org.netbeans.modules.povproject.resources.Bundle"/>                  <attr name="template" boolvalue="true"/>            <!-- URL to a text description to show in the new wizard -->      <attr name="instantiatingWizardURL" urlvalue="nbresloc:/org/netbeans/modules/povproject/resources/emptypov.html"/>             <!-- Icon to use for the file -->      <attr name="SystemFileSystem.icon" urlvalue="nbresloc:org/netbeans/modules/povproject/resources/povicon.gif"/>            <!-- A programmatic category -->      <attr name="templateCategory" stringvalue="povray-types"/>          </file>  </folder></folder></filesystem>