<?xml version='1.0' encoding='UTF-8'?>
<ejb-jar
        xmlns="http://java.sun.com/xml/ns/j2ee"
        version="2.1"
        xmlns:xsi="http://www.w3.org/2001/XMLSchema-instance"
        xsi:schemaLocation="http://java.sun.com/xml/ns/j2ee http://java.sun.com/xml/ns/j2ee/ejb-jar_2_1.xsd"
        >
    <display-name>ProcessManagerJAR</display-name>
    <enterprise-beans>
        <entity>
            <display-name>ManagerEB</display-name>
            <ejb-name>ManagerBean</ejb-name>
            <local-home>com.sun.j2ee.blueprints.processmanager.manager.ejb.ManagerLocalHome</local-home>
            <local>com.sun.j2ee.blueprints.processmanager.manager.ejb.ManagerLocal</local>
            <ejb-class>com.sun.j2ee.blueprints.processmanager.manager.ejb.ManagerBean</ejb-class>
            <persistence-type>Container</persistence-type>
            <prim-key-class>java.lang.String</prim-key-class>
            <reentrant>false</reentrant>
            <cmp-version>2.x</cmp-version>
            <abstract-schema-name>Manager</abstract-schema-name>
            <cmp-field>
                <description>no description</description>
                <field-name>lodgingOrderStatus</field-name>
            </cmp-field>
            <cmp-field>
                <description>no description</description>
                <field-name>orderError</field-name>
            </cmp-field>
            <cmp-field>
                <description>no description</description>
                <field-name>orderId</field-name>
            </cmp-field>
            <cmp-field>
                <description>no description</description>
                <field-name>status</field-name>
            </cmp-field>
            <cmp-field>
                <description>no description</description>
                <field-name>activityOrderStatus</field-name>
            </cmp-field>
            <cmp-field>
                <description>no description</description>
                <field-name>airlineOrderStatus</field-name>
            </cmp-field>
            <primkey-field>orderId</primkey-field>
            <security-identity>
                <use-caller-identity></use-caller-identity>
            </security-identity>
            <query>
                <query-method>
                    <method-name>findOrdersByStatus</method-name>
                    <method-params>
                        <method-param>java.lang.String</method-param>
                    </method-params>
                </query-method>
                <ejb-ql>SELECT DISTINCT OBJECT(a) FROM Manager a WHERE a.status = ?1</ejb-ql>
            </query>
        </entity>
        <session>
            <display-name>ProcessManagerSB</display-name>
            <ejb-name>ProcessManagerBean</ejb-name>
            <local-home>com.sun.j2ee.blueprints.processmanager.ejb.ProcessManagerLocalHome</local-home>
            <local>com.sun.j2ee.blueprints.processmanager.ejb.ProcessManagerLocal</local>
            <ejb-class>com.sun.j2ee.blueprints.processmanager.ejb.ProcessManagerBean</ejb-class>
            <session-type>Stateless</session-type>
            <transaction-type>Container</transaction-type>
            <ejb-local-ref>
                <ejb-ref-name>ejb/local/processmanager/Manager</ejb-ref-name>
                <ejb-ref-type>Entity</ejb-ref-type>
                <local-home>com.sun.j2ee.blueprints.processmanager.manager.ejb.ManagerLocalHome</local-home>
                <local>com.sun.j2ee.blueprints.processmanager.manager.ejb.ManagerLocal</local>
                <ejb-link>ManagerBean</ejb-link>
            </ejb-local-ref>
            <security-identity>
                <use-caller-identity></use-caller-identity>
            </security-identity>
        </session>
    </enterprise-beans>
    <assembly-descriptor>
        <method-permission>
            <unchecked></unchecked>
            <method>
                <ejb-name>ManagerBean</ejb-name>
                <method-intf>LocalHome</method-intf>
                <method-name>remove</method-name>
                <method-params>
                    <method-param>java.lang.Object</method-param>
                </method-params>
            </method>
            <method>
                <ejb-name>ManagerBean</ejb-name>
                <method-intf>Local</method-intf>
                <method-name>setOrderError</method-name>
                <method-params>
                    <method-param>boolean</method-param>
                </method-params>
            </method>
            <method>
                <ejb-name>ManagerBean</ejb-name>
                <method-intf>Local</method-intf>
                <method-name>setAirlineOrderStatus</method-name>
                <method-params>
                    <method-param>java.lang.String</method-param>
                </method-params>
            </method>
            <method>
                <ejb-name>ManagerBean</ejb-name>
                <method-intf>Local</method-intf>
                <method-name>setActivityOrderStatus</method-name>
                <method-params>
                    <method-param>java.lang.String</method-param>
                </method-params>
            </method>
            <method>
                <ejb-name>ManagerBean</ejb-name>
                <method-intf>Local</method-intf>
                <method-name>setLodgingOrderStatus</method-name>
                <method-params>
                    <method-param>java.lang.String</method-param>
                </method-params>
            </method>
            <method>
                <ejb-name>ManagerBean</ejb-name>
                <method-intf>LocalHome</method-intf>
                <method-name>findByPrimaryKey</method-name>
                <method-params>
                    <method-param>java.lang.String</method-param>
                </method-params>
            </method>
            <method>
                <ejb-name>ManagerBean</ejb-name>
                <method-intf>Local</method-intf>
                <method-name>setStatus</method-name>
                <method-params>
                    <method-param>java.lang.String</method-param>
                </method-params>
            </method>
            <method>
                <ejb-name>ManagerBean</ejb-name>
                <method-intf>LocalHome</method-intf>
                <method-name>findOrdersByStatus</method-name>
                <method-params>
                    <method-param>java.lang.String</method-param>
                </method-params>
            </method>
            <method>
                <ejb-name>ManagerBean</ejb-name>
                <method-intf>Local</method-intf>
                <method-name>isIdentical</method-name>
                <method-params>
                    <method-param>javax.ejb.EJBLocalObject</method-param>
                </method-params>
            </method>
            <method>
                <ejb-name>ManagerBean</ejb-name>
                <method-intf>LocalHome</method-intf>
                <method-name>create</method-name>
                <method-params>
                    <method-param>java.lang.String</method-param>
                    <method-param>java.lang.String</method-param>
                    <method-param>java.lang.String</method-param>
                    <method-param>java.lang.String</method-param>
                    <method-param>java.lang.String</method-param>
                    <method-param>boolean</method-param>
                </method-params>
            </method>
        </method-permission>
        <method-permission>
            <unchecked></unchecked>
            <method>
                <ejb-name>ManagerBean</ejb-name>
                <method-intf>Local</method-intf>
                <method-name>getOrderError</method-name>
            </method>
            <method>
                <ejb-name>ManagerBean</ejb-name>
                <method-intf>Local</method-intf>
                <method-name>getLodgingOrderStatus</method-name>
            </method>
            <method>
                <ejb-name>ManagerBean</ejb-name>
                <method-intf>Local</method-intf>
                <method-name>getOrderId</method-name>
            </method>
            <method>
                <ejb-name>ManagerBean</ejb-name>
                <method-intf>Local</method-intf>
                <method-name>getActivityOrderStatus</method-name>
            </method>
            <method>
                <ejb-name>ManagerBean</ejb-name>
                <method-intf>Local</method-intf>
                <method-name>getStatus</method-name>
            </method>
            <method>
                <ejb-name>ManagerBean</ejb-name>
                <method-intf>Local</method-intf>
                <method-name>getPrimaryKey</method-name>
            </method>
            <method>
                <ejb-name>ManagerBean</ejb-name>
                <method-intf>Local</method-intf>
                <method-name>getAirlineOrderStatus</method-name>
            </method>
            <method>
                <ejb-name>ManagerBean</ejb-name>
                <method-intf>Local</method-intf>
                <method-name>remove</method-name>
            </method>
            <method>
                <ejb-name>ManagerBean</ejb-name>
                <method-intf>Local</method-intf>
                <method-name>getEJBLocalHome</method-name>
            </method>
        </method-permission>
        <method-permission>
            <unchecked></unchecked>
            <method>
                <ejb-name>ProcessManagerBean</ejb-name>
                <method-intf>Local</method-intf>
                <method-name>updateOrderErrorStatus</method-name>
                <method-params>
                    <method-param>java.lang.String</method-param>
                    <method-param>boolean</method-param>
                </method-params>
            </method>
            <method>
                <ejb-name>ProcessManagerBean</ejb-name>
                <method-intf>LocalHome</method-intf>
                <method-name>remove</method-name>
                <method-params>
                    <method-param>java.lang.Object</method-param>
                </method-params>
            </method>
            <method>
                <ejb-name>ProcessManagerBean</ejb-name>
                <method-intf>Local</method-intf>
                <method-name>createManager</method-name>
                <method-params>
                    <method-param>java.lang.String</method-param>
                    <method-param>java.lang.String</method-param>
                    <method-param>java.lang.String</method-param>
                    <method-param>java.lang.String</method-param>
                    <method-param>java.lang.String</method-param>
                </method-params>
            </method>
            <method>
                <ejb-name>ProcessManagerBean</ejb-name>
                <method-intf>Local</method-intf>
                <method-name>getOrdersByStatus</method-name>
                <method-params>
                    <method-param>java.lang.String</method-param>
                </method-params>
            </method>
            <method>
                <ejb-name>ProcessManagerBean</ejb-name>
                <method-intf>Local</method-intf>
                <method-name>getOrderStatus</method-name>
                <method-params>
                    <method-param>java.lang.String</method-param>
                </method-params>
            </method>
            <method>
                <ejb-name>ProcessManagerBean</ejb-name>
                <method-intf>Local</method-intf>
                <method-name>updateStatus</method-name>
                <method-params>
                    <method-param>java.lang.String</method-param>
                    <method-param>java.lang.String</method-param>
                </method-params>
            </method>
            <method>
                <ejb-name>ProcessManagerBean</ejb-name>
                <method-intf>Local</method-intf>
                <method-name>updateStatusToCompleted</method-name>
                <method-params>
                    <method-param>java.lang.String</method-param>
                </method-params>
            </method>

            <method>
                <ejb-name>ProcessManagerBean</ejb-name>
                <method-intf>Local</method-intf>
                <method-name>updateLodgingOrderStatus</method-name>
                <method-params>
                    <method-param>java.lang.String</method-param>
                    <method-param>java.lang.String</method-param>
                </method-params>
            </method>
            <method>
                <ejb-name>ProcessManagerBean</ejb-name>
                <method-intf>Local</method-intf>
                <method-name>updateAirlineOrderStatus</method-name>
                <method-params>
                    <method-param>java.lang.String</method-param>
                    <method-param>java.lang.String</method-param>
                </method-params>
            </method>
            <method>
                <ejb-name>ProcessManagerBean</ejb-name>
                <method-intf>Local</method-intf>
                <method-name>updateActivityOrderStatus</method-name>
                <method-params>
                    <method-param>java.lang.String</method-param>
                    <method-param>java.lang.String</method-param>
                </method-params>
            </method>
            <method>
                <ejb-name>ProcessManagerBean</ejb-name>
                <method-intf>Local</method-intf>
                <method-name>isIdentical</method-name>
                <method-params>
                    <method-param>javax.ejb.EJBLocalObject</method-param>
                </method-params>
            </method>
        </method-permission>
        <method-permission>
            <unchecked></unchecked>
            <method>
                <ejb-name>ProcessManagerBean</ejb-name>
                <method-intf>LocalHome</method-intf>
                <method-name>create</method-name>
            </method>
            <method>
                <ejb-name>ProcessManagerBean</ejb-name>
                <method-intf>Local</method-intf>
                <method-name>getPrimaryKey</method-name>
            </method>
            <method>
                <ejb-name>ProcessManagerBean</ejb-name>
                <method-intf>Local</method-intf>
                <method-name>remove</method-name>
            </method>
            <method>
                <ejb-name>ProcessManagerBean</ejb-name>
                <method-intf>Local</method-intf>
                <method-name>getEJBLocalHome</method-name>
            </method>
        </method-permission>
        <container-transaction>
            <method>
                <ejb-name>ManagerBean</ejb-name>
                <method-intf>Local</method-intf>
                <method-name>setLodgingOrderStatus</method-name>
                <method-params>
                    <method-param>java.lang.String</method-param>
                </method-params>
            </method>
            <trans-attribute>Required</trans-attribute>
        </container-transaction>
        <container-transaction>
            <method>
                <ejb-name>ManagerBean</ejb-name>
                <method-intf>Local</method-intf>
                <method-name>getOrderError</method-name>
            </method>
            <trans-attribute>Required</trans-attribute>
        </container-transaction>
        <container-transaction>
            <method>
                <ejb-name>ManagerBean</ejb-name>
                <method-intf>Local</method-intf>
                <method-name>getActivityOrderStatus</method-name>
            </method>
            <trans-attribute>Required</trans-attribute>
        </container-transaction>
        <container-transaction>
            <method>
                <ejb-name>ManagerBean</ejb-name>
                <method-intf>Local</method-intf>
                <method-name>getOrderId</method-name>
            </method>
            <trans-attribute>Required</trans-attribute>
        </container-transaction>
        <container-transaction>
            <method>
                <ejb-name>ManagerBean</ejb-name>
                <method-intf>Local</method-intf>
                <method-name>getStatus</method-name>
            </method>
            <trans-attribute>Required</trans-attribute>
        </container-transaction>
        <container-transaction>
            <method>
                <ejb-name>ManagerBean</ejb-name>
                <method-intf>Local</method-intf>
                <method-name>setOrderError</method-name>
                <method-params>
                    <method-param>boolean</method-param>
                </method-params>
            </method>
            <trans-attribute>Required</trans-attribute>
        </container-transaction>
        <container-transaction>
            <method>
                <ejb-name>ManagerBean</ejb-name>
                <method-intf>Local</method-intf>
                <method-name>remove</method-name>
            </method>
            <trans-attribute>Required</trans-attribute>
        </container-transaction>
        <container-transaction>
            <method>
                <ejb-name>ManagerBean</ejb-name>
                <method-intf>Local</method-intf>
                <method-name>getAirlineOrderStatus</method-name>
            </method>
            <trans-attribute>Required</trans-attribute>
        </container-transaction>
        <container-transaction>
            <method>
                <ejb-name>ManagerBean</ejb-name>
                <method-intf>Local</method-intf>
                <method-name>setActivityOrderStatus</method-name>
                <method-params>
                    <method-param>java.lang.String</method-param>
                </method-params>
            </method>
            <trans-attribute>Required</trans-attribute>
        </container-transaction>
        <container-transaction>
            <method>
                <ejb-name>ManagerBean</ejb-name>
                <method-intf>Local</method-intf>
                <method-name>getLodgingOrderStatus</method-name>
            </method>
            <trans-attribute>Required</trans-attribute>
        </container-transaction>
        <container-transaction>
            <method>
                <ejb-name>ManagerBean</ejb-name>
                <method-intf>Local</method-intf>
                <method-name>setStatus</method-name>
                <method-params>
                    <method-param>java.lang.String</method-param>
                </method-params>
            </method>
            <trans-attribute>Required</trans-attribute>
        </container-transaction>
        <container-transaction>
            <method>
                <ejb-name>ManagerBean</ejb-name>
                <method-intf>Local</method-intf>
                <method-name>setAirlineOrderStatus</method-name>
                <method-params>
                    <method-param>java.lang.String</method-param>
                </method-params>
            </method>
            <trans-attribute>Required</trans-attribute>
        </container-transaction>
        <container-transaction>
            <method>
                <ejb-name>ProcessManagerBean</ejb-name>
                <method-intf>Local</method-intf>
                <method-name>getOrdersByStatus</method-name>
                <method-params>
                    <method-param>java.lang.String</method-param>
                </method-params>
            </method>
            <trans-attribute>Required</trans-attribute>
        </container-transaction>
        <container-transaction>
            <method>
                <ejb-name>ProcessManagerBean</ejb-name>
                <method-intf>Local</method-intf>
                <method-name>getOrderStatus</method-name>
                <method-params>
                    <method-param>java.lang.String</method-param>
                </method-params>
            </method>
            <trans-attribute>Required</trans-attribute>
        </container-transaction>
        <container-transaction>
            <method>
                <ejb-name>ProcessManagerBean</ejb-name>
                <method-intf>Local</method-intf>
                <method-name>createManager</method-name>
                <method-params>
                    <method-param>java.lang.String</method-param>
                    <method-param>java.lang.String</method-param>
                    <method-param>java.lang.String</method-param>
                    <method-param>java.lang.String</method-param>
                    <method-param>java.lang.String</method-param>
                </method-params>
            </method>
            <trans-attribute>Required</trans-attribute>
        </container-transaction>
        <container-transaction>
            <method>
                <ejb-name>ProcessManagerBean</ejb-name>
                <method-intf>Local</method-intf>
                <method-name>updateAirlineOrderStatus</method-name>
                <method-params>
                    <method-param>java.lang.String</method-param>
                    <method-param>java.lang.String</method-param>
                </method-params>
            </method>
            <trans-attribute>Required</trans-attribute>
        </container-transaction>
        <container-transaction>
            <method>
                <ejb-name>ProcessManagerBean</ejb-name>
                <method-intf>Local</method-intf>
                <method-name>updateActivityOrderStatus</method-name>
                <method-params>
                    <method-param>java.lang.String</method-param>
                    <method-param>java.lang.String</method-param>
                </method-params>
            </method>
            <trans-attribute>Required</trans-attribute>
        </container-transaction>
        <container-transaction>
            <method>
                <ejb-name>ProcessManagerBean</ejb-name>
                <method-intf>Local</method-intf>
                <method-name>updateOrderErrorStatus</method-name>
                <method-params>
                    <method-param>java.lang.String</method-param>
                    <method-param>boolean</method-param>
                </method-params>
            </method>
            <trans-attribute>Required</trans-attribute>
        </container-transaction>
        <container-transaction>
            <method>
                <ejb-name>ProcessManagerBean</ejb-name>
                <method-intf>Local</method-intf>
                <method-name>updateLodgingOrderStatus</method-name>
                <method-params>
                    <method-param>java.lang.String</method-param>
                    <method-param>java.lang.String</method-param>
                </method-params>
            </method>
            <trans-attribute>Required</trans-attribute>
        </container-transaction>
        <container-transaction>
            <method>
                <ejb-name>ProcessManagerBean</ejb-name>
                <method-intf>Local</method-intf>
                <method-name>updateStatus</method-name>
                <method-params>
                    <method-param>java.lang.String</method-param>
                    <method-param>java.lang.String</method-param>
                </method-params>
            </method>
            <trans-attribute>Required</trans-attribute>
        </container-transaction>
        <container-transaction>
            <method>
                <ejb-name>ProcessManagerBean</ejb-name>
                <method-intf>Local</method-intf>
                <method-name>updateStatusToCompleted</method-name>
                <method-params>
                    <method-param>java.lang.String</method-param>
                </method-params>
            </method>
            <trans-attribute>Required</trans-attribute>
        </container-transaction>
    </assembly-descriptor>
</ejb-jar>
