<?xml version="1.0" encoding="ISO-8859-1"?>
<!-- 
/*
* Copyright 2005 Sun Microsystems, Inc. All rights reserved.
*
* Redistribution and use in source and binary forms, with or without
* modification, are permitted provided that the following conditions
* are met:
*
* - Redistributions of source code must retain the above copyright
*   notice, this list of conditions and the following disclaimer.
*
* - Redistribution in binary form must reproduce the above copyright
*   notice, this list of conditions and the following disclaimer in
*   the documentation and/or other materials provided with the
*   distribution.
*
* Neither the name of Sun Microsystems, Inc. or the names of
* contributors may be used to endorse or promote products derived
* from this software without specific prior written permission.
*
* This software is provided "AS IS," without a warranty of any
* kind. ALL EXPRESS OR IMPLIED CONDITIONS, REPRESENTATIONS AND
* WARRANTIES, INCLUDING ANY IMPLIED WARRANTY OF MERCHANTABILITY,
* FITNESS FOR A PARTICULAR PURPOSE OR NON-INFRINGEMENT, ARE HEREBY
* EXCLUDED. SUN AND ITS LICENSORS SHALL NOT BE LIABLE FOR ANY DAMAGES
* SUFFERED BY LICENSEE AS A RESULT OF USING, MODIFYING OR
* DISTRIBUTING THE SOFTWARE OR ITS DERIVATIVES. IN NO EVENT WILL SUN
* OR ITS LICENSORS BE LIABLE FOR ANY LOST REVENUE, PROFIT OR DATA, OR
* FOR DIRECT, INDIRECT, SPECIAL, CONSEQUENTIAL, INCIDENTAL OR
* PUNITIVE DAMAGES, HOWEVER CAUSED AND REGARDLESS OF THE THEORY OF
* LIABILITY, ARISING OUT OF THE USE OF OR INABILITY TO USE SOFTWARE,
* EVEN IF SUN HAS BEEN ADVISED OF THE POSSIBILITY OF SUCH DAMAGES.
*
* You acknowledge that Software is not designed, licensed or intended
* for use in the design, construction, operation or maintenance of
* any nuclear facility.
*/
-->

<mappings>

   <url-mapping url="cart.do" useFlowHandler="true">
        <web-action-class>com.sun.j2ee.blueprints.consumerwebsite.actions.CartHTMLAction</web-action-class>
        <flow-handler class="com.sun.j2ee.blueprints.consumerwebsite.handlers.CartFlowHandler">
             <handler-result result="SELECT_TRANSPORT" screen="transportation.screen"/>
             <handler-result result="PACKAGE_OPTIONS" screen="enter_package_options.screen"/>
             <handler-result result="RESERVE_HOTEL" screen="reserve_hotel.screen"/>
             <handler-result result="PURCHASE_ACTIVITIES" screen="purchase_activities.screen"/>
             <handler-result result="CART" screen="cart.screen"/>
             <handler-result result="CART-ACTIVITIES" screen="cart.screen"/>
             <handler-result result="CART-LODGING" screen="cart.screen"/>
             <handler-result result="CART_TRANSPORT" screen="cart.screen"/>
             <handler-result result="PURCHASE_MORE_ACTIVITIES" screen="purchase_more_activities.screen"/>
             <handler-result result="CANCEL" screen="main.screen"/>
        </flow-handler>
   </url-mapping>

   <url-mapping url="searchtransport.do" screen="available_transport.screen">
        <web-action-class>com.sun.j2ee.blueprints.consumerwebsite.actions.TransportSearchHTMLAction</web-action-class>
   </url-mapping>

   <url-mapping url="ordertracking.do" screen="order_tracking_result.screen" isTransactional="true">
        <web-action-class>com.sun.j2ee.blueprints.consumerwebsite.actions.OrderTrackingHTMLAction</web-action-class>
   </url-mapping>

   <url-mapping url="checkout.do" screen="checkout.screen" isTransactional="true">
        <web-action-class>com.sun.j2ee.blueprints.consumerwebsite.actions.CheckoutHTMLAction</web-action-class>
   </url-mapping>

   <url-mapping url="createcustomer.do" screen="account_create_success.screen" isTransactional="true">
        <web-action-class>com.sun.j2ee.blueprints.consumerwebsite.actions.CustomerHTMLAction</web-action-class>
   </url-mapping>

   <url-mapping url="customer.do" screen="account.screen"  isTransactional="true">
        <web-action-class>com.sun.j2ee.blueprints.consumerwebsite.actions.CustomerHTMLAction</web-action-class>
   </url-mapping>

   <url-mapping url="createsignon.do" screen="create_account.screen" >
        <web-action-class>com.sun.j2ee.blueprints.consumerwebsite.actions.CreateSignOnHTMLAction</web-action-class>
   </url-mapping>

   <url-mapping url="signoff.do" screen="signoff.screen">
        <web-action-class>com.sun.j2ee.blueprints.consumerwebsite.actions.SignOffHTMLAction</web-action-class>
   </url-mapping>

   <exception-mapping exception-class="com.sun.j2ee.blueprints.waf.GeneralFailureException" screen="error.screen"/>                               
   <exception-mapping exception-class="com.sun.j2ee.blueprints.consumerwebsite.exceptions.SignOnException" screen="signon_create_error.screen"/>
   <exception-mapping exception-class="com.sun.j2ee.blueprints.consumerwebsite.exceptions.CustomerException" screen="account_create_error.screen"/>
   <exception-mapping exception-class="com.sun.j2ee.blueprints.consumerwebsite.exceptions.OrderNotFoundException" screen="order_not_found.screen"/>
   <exception-mapping exception-class="com.sun.j2ee.blueprints.waf.controller.web.html.HTMLActionException" screen="error.screen"/>                                

</mappings>
