<?xml version="1.0" encoding="ISO-8859-1"?>
<!-- 
/*
* Copyright 2005 Sun Microsystems, Inc. All rights reserved.
*
* Redistribution and use in source and binary forms, with or without
* modification, are permitted provided that the following conditions
* are met:
*
* - Redistributions of source code must retain the above copyright
*   notice, this list of conditions and the following disclaimer.
*
* - Redistribution in binary form must reproduce the above copyright
*   notice, this list of conditions and the following disclaimer in
*   the documentation and/or other materials provided with the
*   distribution.
*
* Neither the name of Sun Microsystems, Inc. or the names of
* contributors may be used to endorse or promote products derived
* from this software without specific prior written permission.
*
* This software is provided "AS IS," without a warranty of any
* kind. ALL EXPRESS OR IMPLIED CONDITIONS, REPRESENTATIONS AND
* WARRANTIES, INCLUDING ANY IMPLIED WARRANTY OF MERCHANTABILITY,
* FITNESS FOR A PARTICULAR PURPOSE OR NON-INFRINGEMENT, ARE HEREBY
* EXCLUDED. SUN AND ITS LICENSORS SHALL NOT BE LIABLE FOR ANY DAMAGES
* SUFFERED BY LICENSEE AS A RESULT OF USING, MODIFYING OR
* DISTRIBUTING THE SOFTWARE OR ITS DERIVATIVES. IN NO EVENT WILL SUN
* OR ITS LICENSORS BE LIABLE FOR ANY LOST REVENUE, PROFIT OR DATA, OR
* FOR DIRECT, INDIRECT, SPECIAL, CONSEQUENTIAL, INCIDENTAL OR
* PUNITIVE DAMAGES, HOWEVER CAUSED AND REGARDLESS OF THE THEORY OF
* LIABILITY, ARISING OUT OF THE USE OF OR INABILITY TO USE SOFTWARE,
* EVEN IF SUN HAS BEEN ADVISED OF THE POSSIBILITY OF SUCH DAMAGES.
*
* You acknowledge that Software is not designed, licensed or intended
* for use in the design, construction, operation or maintenance of
* any nuclear facility.
*/
-->

<screen-definitions>

  <default-template>/template.jsp</default-template>

  <screen name="main">
    <parameter key="title" value="Welcome to the Adventure Builder Reference application" direct="true"/>
    <parameter key="banner" value="/banner.jsp" />
    <parameter key="sidebar" value="/sidebar.jsp" />
    <parameter key="body" value="/main.jsp" />
    <parameter key="footer" value="/footer.jsp" />
   </screen>

  <screen name="cart">
    <parameter key="title" value="Adventure Package" direct="true"/>
    <parameter key="banner" value="/banner.jsp" />
    <parameter key="sidebar" value="/sidebar.jsp" />
    <parameter key="body" value="/cart.jsp" />
    <parameter key="footer" value="/footer.jsp" />
   </screen>

  <screen name="adventures">
    <parameter key="title" value="Available Adventure Packages" direct="true"/>
    <parameter key="banner" value="/banner.jsp" />
    <parameter key="sidebar" value="/sidebar.jsp" />
    <parameter key="body" value="/adventures.jsp" />
    <parameter key="footer" value="/footer.jsp" />
   </screen>

  <screen name="adventure">
    <parameter key="title" value="Adventure Package Details" direct="true"/>
    <parameter key="banner" value="/banner.jsp" />
    <parameter key="sidebar" value="/sidebar.jsp" />
    <parameter key="body" value="/adventure.jsp" />
    <parameter key="footer" value="/footer.jsp" />
   </screen>

  <screen name="track_order">
    <parameter key="title" value="Track Order" direct="true"/>
    <parameter key="banner" value="/banner.jsp" />
    <parameter key="sidebar" value="/sidebar.jsp" />
    <parameter key="body" value="/enter_order_tracking_info.jsp" />
    <parameter key="footer" value="/footer.jsp" />
   </screen>

  <screen name="order_tracking_result">
    <parameter key="title" value="Order Tracking Results" direct="true"/>
    <parameter key="banner" value="/banner.jsp" />
    <parameter key="sidebar" value="/sidebar.jsp" />
    <parameter key="body" value="/order_tracking_result.jsp" />
    <parameter key="footer" value="/footer.jsp" />
   </screen>

  <screen name="order_not_found">
    <parameter key="title" value="Order Not Found" direct="true"/>
    <parameter key="banner" value="/banner.jsp" />
    <parameter key="sidebar" value="/sidebar.jsp" />
    <parameter key="body" value="/order_not_found.jsp" />
    <parameter key="footer" value="/footer.jsp" />
   </screen>

  <screen name="enter_package_options">
    <parameter key="title" value="Enter Adventure Package Options" direct="true"/>
    <parameter key="banner" value="/banner.jsp" />
    <parameter key="sidebar" value="/sidebar.jsp" />
    <parameter key="body" value="/set_package_options.jsp" />
    <parameter key="footer" value="/footer.jsp" />
   </screen>

  <screen name="enter_order_info">
    <parameter key="title" value="Enter Order Details" direct="true"/>
    <parameter key="banner" value="/banner.jsp" />
    <parameter key="sidebar" value="/sidebar.jsp" />
    <parameter key="body" value="/enter_order_information.jsp" />
    <parameter key="footer" value="/footer.jsp" />
   </screen>

  <screen name="transportation">
    <parameter key="title" value="Enter Adventure Package Details" direct="true"/>
    <parameter key="banner" value="/banner.jsp" />
    <parameter key="sidebar" value="/sidebar.jsp" />
    <parameter key="body" value="/transportation.jsp" />
    <parameter key="footer" value="/footer.jsp" />
   </screen>

  <screen name="available_transport">
    <parameter key="title" value="Adventure Package Details" direct="true"/>
    <parameter key="banner" value="/banner.jsp" />
    <parameter key="sidebar" value="/sidebar.jsp" />
    <parameter key="body" value="/available_transport.jsp" />
    <parameter key="footer" value="/footer.jsp" />
   </screen>

  <screen name="lodgings">
    <parameter key="title" value="Lodgings" direct="true"/>
    <parameter key="sidebar" value="/sidebar.jsp" />
    <parameter key="banner" value="/banner.jsp" />
    <parameter key="body" value="/lodgings.jsp" />
    <parameter key="footer" value="/footer.jsp" />
   </screen>

  <screen name="activities">
    <parameter key="title" value="Activities" direct="true"/>
    <parameter key="sidebar" value="/sidebar.jsp" />
    <parameter key="banner" value="/banner.jsp" />
    <parameter key="body" value="/activities.jsp" />
    <parameter key="footer" value="/footer.jsp" />
   </screen>

   <screen name="checkout">
    <parameter key="title" value="Checkout" direct="true"/>
    <parameter key="banner" value="/banner.jsp" />
    <parameter key="sidebar" value="/sidebar.jsp" />
    <parameter key="body" value="/checkout.jsp" />
    <parameter key="footer" value="/footer.jsp" />
   </screen>

   <screen name="account">
    <parameter key="title" value="Customer" direct="true"/>
    <parameter key="banner" value="/banner.jsp" />
    <parameter key="sidebar" value="/sidebar.jsp" />
    <parameter key="body" value="/account.jsp" />
    <parameter key="footer" value="/footer.jsp" />
   </screen>

   <screen name="account_create_success">
    <parameter key="title" value="Account Creation Success" direct="true"/>
    <parameter key="banner" value="/banner.jsp" />
    <parameter key="sidebar" value="/sidebar.jsp" />
    <parameter key="body" value="/account_create_success.jsp" />
    <parameter key="footer" value="/footer.jsp" />
   </screen>

   <screen name="account_create_error">
    <parameter key="title" value="Create Customer Error" direct="true"/>
    <parameter key="banner" value="/banner.jsp" />
    <parameter key="sidebar" value="/sidebar.jsp" />
    <parameter key="body" value="/account_create_error.jsp" />
    <parameter key="footer" value="/footer.jsp" />
   </screen>

   <screen name="create_account">
    <parameter key="title" value="Create Customer" direct="true"/>
    <parameter key="banner" value="/banner.jsp" />
    <parameter key="sidebar" value="/sidebar.jsp" />
    <parameter key="body" value="/create_account.jsp" />
    <parameter key="footer" value="/footer.jsp" />
   </screen>

   <screen name="signon_failed">
    <parameter key="title" value="Sign On Error" direct="true"/>
    <parameter key="banner" value="/banner.jsp" />
    <parameter key="sidebar" value="/sidebar.jsp" />
    <parameter key="body" value="/signon_failed.jsp" />
    <parameter key="footer" value="/footer.jsp" />
   </screen>

   <screen name="signon_create_error">
    <parameter key="title" value="Create Customer Error" direct="true"/>
    <parameter key="banner" value="/banner.jsp" />
    <parameter key="sidebar" value="/sidebar.jsp" />
    <parameter key="body" value="/create_signon_error.jsp" />
    <parameter key="footer" value="/footer.jsp" />
   </screen>

   <screen name="signon">
    <parameter key="title" value="Sign On" direct="true"/>
    <parameter key="banner" value="/banner.jsp" />
    <parameter key="sidebar" value="/sidebar.jsp" />
    <parameter key="body" value="/signon.jsp" />
    <parameter key="footer" value="/footer.jsp" />
   </screen>

   <screen name="signon_welcome">
    <parameter key="title" value="Welcome" direct="true"/>
    <parameter key="banner" value="/banner.jsp" />
    <parameter key="sidebar" value="/sidebar.jsp" />
    <parameter key="body" value="/signon_welcome.jsp" />
    <parameter key="footer" value="/footer.jsp" />
   </screen>

   <screen name="signoff">
    <parameter key="title" value="Sign Off" direct="true"/>
    <parameter key="banner" value="/banner.jsp" />
    <parameter key="sidebar" value="/sidebar.jsp" />
    <parameter key="body" value="/signoff.jsp" />
    <parameter key="footer" value="/footer.jsp" />
   </screen>

   <screen name="error">
    <parameter key="title" value="Error" direct="true"/>
    <parameter key="banner" value="/banner.jsp" />
    <parameter key="sidebar" value="/sidebar.jsp" />
    <parameter key="body" value="/error.jsp" />
    <parameter key="footer" value="/footer.jsp" />
   </screen>
</screen-definitions>

