<?xml version="1.0" encoding="ISO-8859-1"?>
<!-- 
/*
* Copyright 2005 Sun Microsystems, Inc. All rights reserved.
*
* Redistribution and use in source and binary forms, with or without
* modification, are permitted provided that the following conditions
* are met:
*
* - Redistributions of source code must retain the above copyright
*   notice, this list of conditions and the following disclaimer.
*
* - Redistribution in binary form must reproduce the above copyright
*   notice, this list of conditions and the following disclaimer in
*   the documentation and/or other materials provided with the
*   distribution.
*
* Neither the name of Sun Microsystems, Inc. or the names of
* contributors may be used to endorse or promote products derived
* from this software without specific prior written permission.
*
* This software is provided "AS IS," without a warranty of any
* kind. ALL EXPRESS OR IMPLIED CONDITIONS, REPRESENTATIONS AND
* WARRANTIES, INCLUDING ANY IMPLIED WARRANTY OF MERCHANTABILITY,
* FITNESS FOR A PARTICULAR PURPOSE OR NON-INFRINGEMENT, ARE HEREBY
* EXCLUDED. SUN AND ITS LICENSORS SHALL NOT BE LIABLE FOR ANY DAMAGES
* SUFFERED BY LICENSEE AS A RESULT OF USING, MODIFYING OR
* DISTRIBUTING THE SOFTWARE OR ITS DERIVATIVES. IN NO EVENT WILL SUN
* OR ITS LICENSORS BE LIABLE FOR ANY LOST REVENUE, PROFIT OR DATA, OR
* FOR DIRECT, INDIRECT, SPECIAL, CONSEQUENTIAL, INCIDENTAL OR
* PUNITIVE DAMAGES, HOWEVER CAUSED AND REGARDLESS OF THE THEORY OF
* LIABILITY, ARISING OUT OF THE USE OF OR INABILITY TO USE SOFTWARE,
* EVEN IF SUN HAS BEEN ADVISED OF THE POSSIBILITY OF SUCH DAMAGES.
*
* You acknowledge that Software is not designed, licensed or intended
* for use in the design, construction, operation or maintenance of
* any nuclear facility.
*/
 -->

<signon-config>

 <!-- Form Sign On Page-->
 <signon-form-login-page>
  signon.screen
 </signon-form-login-page>

 <!-- Error Page When Sign On fails-->
 <signon-form-error-page>
  signon_failed.screen
 </signon-form-error-page>

 <!-- A Protected Resource-->
 <security-constraint>
   <web-resource-collection>
    <web-resource-name>Account information</web-resource-name>
    <url-pattern>customer.do</url-pattern>
   </web-resource-collection>
 </security-constraint>

 <!-- A Protected Resource-->
 <security-constraint>
   <web-resource-collection>
    <web-resource-name>Signon</web-resource-name>
    <url-pattern>signon_welcome.screen</url-pattern>
   </web-resource-collection>
 </security-constraint>

 <!-- A Protected Resource-->
 <security-constraint>
   <web-resource-collection>
    <web-resource-name>Order Information Screen</web-resource-name>
    <url-pattern>enter_order_info.screen</url-pattern>
   </web-resource-collection>
 </security-constraint>

 <!-- A Protected Resource-->
 <security-constraint>
   <web-resource-collection>
    <web-resource-name>Checkout</web-resource-name>
    <url-pattern>checkout.do</url-pattern>
   </web-resource-collection>
 </security-constraint>

</signon-config>
