<?xml version="1.0" encoding="UTF-8"?>
<!DOCTYPE sun-web-app PUBLIC "-//Sun Microsystems, Inc.//DTD Application Server 8.1 Servlet 2.4//EN" "http://www.sun.com/software/appserver/dtds/sun-web-app_2_4-1.dtd">
<sun-web-app error-url="">
  <context-root>/ab</context-root>
  <session-config>
    <session-manager persistence-type="memory"/>
  </session-config>
  <resource-ref>
    <res-ref-name>jdbc/CatalogDB</res-ref-name>
    <jndi-name>jdbc/CatalogDB</jndi-name>
    <default-resource-principal>
      <name>adventurebuilder</name>
      <password>adventurebuilder</password>
    </default-resource-principal>
  </resource-ref>
  <service-ref>
    <service-ref-name>service/OpcPurchaseOrderService</service-ref-name>
    <port-info>
      <service-endpoint-interface>com.sun.j2ee.blueprints.consumerwebsite.actions.PurchaseOrderIntf</service-endpoint-interface>
    </port-info>
  </service-ref>
  <service-ref>
    <service-ref-name>service/OpcOrderTrackingService</service-ref-name>
    <port-info>
      <service-endpoint-interface>com.sun.j2ee.blueprints.consumerwebsite.actions.OrderTrackingIntf</service-endpoint-interface>
    </port-info>
  </service-ref>
  <class-loader delegate="true"/>
</sun-web-app>
