<?xml version="1.0" encoding="UTF-8"?>
<ejb-jar version="2.1" xmlns="http://java.sun.com/xml/ns/j2ee" xmlns:xsi="http://www.w3.org/2001/XMLSchema-instance" xsi:schemaLocation="http://java.sun.com/xml/ns/j2ee http://java.sun.com/xml/ns/j2ee/ejb-jar_2_1.xsd">

  <display-name>ActivitySupplierJAR</display-name>
  <enterprise-beans>
    <session>
      <ejb-name>ActivityPOEndpointBean</ejb-name>
      <service-endpoint>com.sun.j2ee.blueprints.activitysupplier.powebservice.ActivityPOIntf</service-endpoint>
      <ejb-class>com.sun.j2ee.blueprints.activitysupplier.powebservice.ActivityPOEndpointBean</ejb-class>
      <session-type>Stateless</session-type>
      <transaction-type>Container</transaction-type>      
      <resource-ref>
        <res-ref-name>jms/activity/QueueConnectionFactory</res-ref-name>
        <res-type>javax.jms.QueueConnectionFactory</res-type>
        <res-auth>Container</res-auth>
        <res-sharing-scope>Shareable</res-sharing-scope>
      </resource-ref>
      <resource-env-ref>
        <resource-env-ref-name>jms/activity/ActivityQueue</resource-env-ref-name>
        <resource-env-ref-type>javax.jms.Queue</resource-env-ref-type>
      </resource-env-ref>
    </session>

    <entity>
        <display-name>ActivityPurchaseOrderEB</display-name>
        <ejb-name>ActivityPurchaseOrderBean</ejb-name>
        <local-home>com.sun.j2ee.blueprints.activitysupplier.purchaseorder.ejb.ActivityPurchaseOrderLocalHome</local-home>
        <local>com.sun.j2ee.blueprints.activitysupplier.purchaseorder.ejb.ActivityPurchaseOrderLocal</local>
        <ejb-class>com.sun.j2ee.blueprints.activitysupplier.purchaseorder.ejb.ActivityPurchaseOrderBean</ejb-class>
        <persistence-type>Container</persistence-type>
        <prim-key-class>java.lang.String</prim-key-class>
        <reentrant>false</reentrant>
        <cmp-version>2.x</cmp-version>
        <abstract-schema-name>ActivityPurchaseOrder</abstract-schema-name>
        <cmp-field>
            <description>no description</description>
            <field-name>poId</field-name>
        </cmp-field>
        <primkey-field>poId</primkey-field>
        <ejb-local-ref>
            <ejb-ref-name>ejb/local/activitysupplier/ActivityDetails</ejb-ref-name>
            <ejb-ref-type>Entity</ejb-ref-type>
            <local-home>com.sun.j2ee.blueprints.activitysupplier.purchaseorder.ejb.ActivityDetailsLocalHome</local-home>
            <local>com.sun.j2ee.blueprints.activitysupplier.purchaseorder.ejb.ActivityDetailsLocal</local>
            <ejb-link>ActivityDetailsBean</ejb-link>
        </ejb-local-ref>
        <security-identity>
            <use-caller-identity></use-caller-identity>
        </security-identity>
    </entity>

    <entity>
      <display-name>ActivityDetailsEB</display-name>
      <ejb-name>ActivityDetailsBean</ejb-name>
      <local-home>com.sun.j2ee.blueprints.activitysupplier.purchaseorder.ejb.ActivityDetailsLocalHome</local-home>
      <local>com.sun.j2ee.blueprints.activitysupplier.purchaseorder.ejb.ActivityDetailsLocal</local>
      <ejb-class>com.sun.j2ee.blueprints.activitysupplier.purchaseorder.ejb.ActivityDetailsBean</ejb-class>
      <persistence-type>Container</persistence-type>
      <prim-key-class>java.lang.Object</prim-key-class>
      <reentrant>false</reentrant>
      <cmp-version>2.x</cmp-version>
      <abstract-schema-name>ActivityDetails</abstract-schema-name>
      <cmp-field>
        <description>no description</description>
        <field-name>activityId</field-name>
      </cmp-field>
      <cmp-field>
        <description>no description</description>
        <field-name>startDate</field-name>
      </cmp-field>
      <cmp-field>
        <description>no description</description>
        <field-name>endDate</field-name>
      </cmp-field>
      <cmp-field>
        <description>no description</description>
        <field-name>headCount</field-name>
      </cmp-field>
        <security-identity>
            <use-caller-identity></use-caller-identity>
        </security-identity>
    </entity>

    <message-driven>
      <display-name>ActivityMessageEJB</display-name>
      <ejb-name>ActivityMessageEJB</ejb-name>
      <ejb-class>com.sun.j2ee.blueprints.activitysupplier.pomessagebean.ActivityMessageBean</ejb-class>
      <messaging-type>javax.jms.MessageListener</messaging-type>
      <transaction-type>Container</transaction-type>
      <message-destination-type>javax.jms.Queue</message-destination-type>

       <!-- Service endpoints for broker webservices -->
       <env-entry>
          <env-entry-name>param/BrokerServiceURL</env-entry-name>
	  <env-entry-type>java.lang.String</env-entry-type>
	  <env-entry-value>http://localhost:6060/webservice/WebServiceBroker</env-entry-value>
       </env-entry>

      <ejb-local-ref>
        <ejb-ref-name>ejb/local/activitysupplier/ActivityPurchaseOrder</ejb-ref-name>
        <ejb-ref-type>Entity</ejb-ref-type>
        <local-home>com.sun.j2ee.blueprints.activitysupplier.purchaseorder.ejb.ActivityPurchaseOrderLocalHome</local-home>
        <local>com.sun.j2ee.blueprints.activitysupplier.purchaseorder.ejb.ActivityPurchaseOrderLocal</local>
        <ejb-link>ActivityPurchaseOrderBean</ejb-link>
      </ejb-local-ref>

      <service-ref>
          <description>service ref</description>
          <service-ref-name>service/WebServiceBroker</service-ref-name>
          <service-interface>com.sun.j2ee.blueprints.activitysupplier.pomessagebean.WebServiceBroker</service-interface>
          <wsdl-file>META-INF/wsdl/WebServiceBroker.wsdl</wsdl-file>
          <jaxrpc-mapping-file>META-INF/webservicebroker-mapping.xml</jaxrpc-mapping-file>
          <service-qname xmlns:servicens="urn:WebServiceBroker">servicens:WebServiceBroker</service-qname>
      </service-ref>

    </message-driven>

  </enterprise-beans>

  <relationships>
    <ejb-relation>
      <ejb-relationship-role>
        <ejb-relationship-role-name>ActivityPurchaseOrderBean</ejb-relationship-role-name>
        <multiplicity>One</multiplicity>
        <relationship-role-source>
          <ejb-name>ActivityPurchaseOrderBean</ejb-name>
        </relationship-role-source>
        <cmr-field>
          <cmr-field-name>activities</cmr-field-name>
          <cmr-field-type>java.util.Collection</cmr-field-type>
        </cmr-field>
      </ejb-relationship-role>
      <ejb-relationship-role>
        <ejb-relationship-role-name>ActivityDetailsBean</ejb-relationship-role-name>
        <multiplicity>Many</multiplicity>
        <cascade-delete></cascade-delete>
        <relationship-role-source>
          <ejb-name>ActivityDetailsBean</ejb-name>
        </relationship-role-source>
      </ejb-relationship-role>
    </ejb-relation>

  </relationships>


  <assembly-descriptor>
      <method-permission>
          <unchecked></unchecked>
	  <method>
	      <ejb-name>ActivityDetailsBean</ejb-name>
	      <method-name>*</method-name>
	  </method>
      </method-permission>
      <method-permission>
          <unchecked></unchecked>
	  <method>
	      <ejb-name>ActivityPurchaseOrderBean</ejb-name>
	      <method-name>*</method-name>
	  </method>
      </method-permission>


    <container-transaction>
      <method>
        <ejb-name>ActivityPurchaseOrderBean</ejb-name>
        <method-intf>Local</method-intf>
        <method-name>remove</method-name>
      </method>
      <trans-attribute>Required</trans-attribute>
     </container-transaction>
     <container-transaction>
       <method>
         <ejb-name>ActivityPurchaseOrderBean</ejb-name>
         <method-intf>Local</method-intf>
         <method-name>getPoId</method-name>
       </method>
       <trans-attribute>Required</trans-attribute>
     </container-transaction>

    <container-transaction>
      <method>
        <ejb-name>ActivityDetailsBean</ejb-name>
        <method-intf>Local</method-intf>
        <method-name>getHeadCount</method-name>
      </method>
      <trans-attribute>Required</trans-attribute>
    </container-transaction>
    <container-transaction>
      <method>
        <ejb-name>ActivityDetailsBean</ejb-name>
        <method-intf>Local</method-intf>
        <method-name>getStartDate</method-name>
      </method>
      <trans-attribute>Required</trans-attribute>
    </container-transaction>
    <container-transaction>
      <method>
        <ejb-name>ActivityDetailsBean</ejb-name>
        <method-intf>Local</method-intf>
        <method-name>remove</method-name>
      </method>
      <trans-attribute>Required</trans-attribute>
     </container-transaction>
     <container-transaction>
       <method>
         <ejb-name>ActivityDetailsBean</ejb-name>
         <method-intf>Local</method-intf>
         <method-name>getEndDate</method-name>
       </method>
       <trans-attribute>Required</trans-attribute>
     </container-transaction>
     <container-transaction>
       <method>
         <ejb-name>ActivityDetailsBean</ejb-name>
         <method-intf>Local</method-intf>
         <method-name>getActivityId</method-name>
       </method>
       <trans-attribute>Required</trans-attribute>
     </container-transaction>
 
   <container-transaction>
      <method>
        <ejb-name>ActivityPOEndpointBean</ejb-name>
        <method-intf>ServiceEndpoint</method-intf>
        <method-name>submitActivityReservationDetails</method-name>
      </method>
      <trans-attribute>Required</trans-attribute>
    </container-transaction>

    <container-transaction> 
      <method> 
        <ejb-name>ActivityMessageEJB</ejb-name>
        <method-name>onMessage</method-name>
        <method-params>  
          <method-param>javax.jms.Message</method-param>
        </method-params>        
      </method>
      <trans-attribute>Required</trans-attribute>
    </container-transaction>

  </assembly-descriptor>

</ejb-jar>
