<?xml version="1.0" encoding="UTF-8"?>
<!--
 /*
* Copyright 2005 Sun Microsystems, Inc. All rights reserved.
*
* Redistribution and use in source and binary forms, with or without
* modification, are permitted provided that the following conditions
* are met:
*
* - Redistributions of source code must retain the above copyright
*   notice, this list of conditions and the following disclaimer.
*
* - Redistribution in binary form must reproduce the above copyright
*   notice, this list of conditions and the following disclaimer in
*   the documentation and/or other materials provided with the
*   distribution.
*
* Neither the name of Sun Microsystems, Inc. or the names of
* contributors may be used to endorse or promote products derived
* from this software without specific prior written permission.
*
* This software is provided "AS IS," without a warranty of any
* kind. ALL EXPRESS OR IMPLIED CONDITIONS, REPRESENTATIONS AND
* WARRANTIES, INCLUDING ANY IMPLIED WARRANTY OF MERCHANTABILITY,
* FITNESS FOR A PARTICULAR PURPOSE OR NON-INFRINGEMENT, ARE HEREBY
* EXCLUDED. SUN AND ITS LICENSORS SHALL NOT BE LIABLE FOR ANY DAMAGES
* SUFFERED BY LICENSEE AS A RESULT OF USING, MODIFYING OR
* DISTRIBUTING THE SOFTWARE OR ITS DERIVATIVES. IN NO EVENT WILL SUN
* OR ITS LICENSORS BE LIABLE FOR ANY LOST REVENUE, PROFIT OR DATA, OR
* FOR DIRECT, INDIRECT, SPECIAL, CONSEQUENTIAL, INCIDENTAL OR
* PUNITIVE DAMAGES, HOWEVER CAUSED AND REGARDLESS OF THE THEORY OF
* LIABILITY, ARISING OUT OF THE USE OF OR INABILITY TO USE SOFTWARE,
* EVEN IF SUN HAS BEEN ADVISED OF THE POSSIBILITY OF SUCH DAMAGES.
*
* You acknowledge that Software is not designed, licensed or intended
* for use in the design, construction, operation or maintenance of
* any nuclear facility.
*/ 
-->

<webservices xmlns="http://java.sun.com/xml/ns/j2ee"
      xmlns:xsi="http://www.w3.org/2001/XMLSchema-instance"
      xsi:schemaLocation="http://java.sun.com/xml/ns/j2ee
        http://www.ibm.com/webservices/xsd/j2ee_web_services_1_1.xsd"
      version="1.1">
  <description>desc</description>
  <webservice-description>
    <webservice-description-name>OpcPurchaseOrderService</webservice-description-name>
    <wsdl-file>META-INF/wsdl/OpcPurchaseOrderService.wsdl</wsdl-file>
    <jaxrpc-mapping-file>META-INF/OpcPurchaseOrderService-mapping.xml</jaxrpc-mapping-file>
    <port-component>
      <description>port component description</description>
      <port-component-name>PurchaseOrderIntfPort</port-component-name>
      <wsdl-port xmlns:OpcPOns="urn:OpcPurchaseOrderService/wsdl">OpcPOns:PurchaseOrderIntfPort</wsdl-port>
      <service-endpoint-interface>com.sun.j2ee.blueprints.opc.powebservice.PurchaseOrderIntf</service-endpoint-interface>
      <service-impl-bean>
        <ejb-link>PoEndpointBean</ejb-link>
      </service-impl-bean>
    </port-component>
  </webservice-description>

  <webservice-description>
    <webservice-description-name>OpcOrderTrackingService</webservice-description-name>
    <wsdl-file>META-INF/wsdl/OpcOrderTrackingService.wsdl</wsdl-file>
    <jaxrpc-mapping-file>META-INF/OpcOrderTrackingService-mapping.xml</jaxrpc-mapping-file>
    <port-component>
      <description>port component description</description>
      <port-component-name>OrderTrackingIntfPort</port-component-name>
      <wsdl-port xmlns:OpcOTns="urn:OpcOrderTrackingService/wsdl">OpcOTns:OrderTrackingIntfPort</wsdl-port>
      <service-endpoint-interface>com.sun.j2ee.blueprints.opc.otwebservice.OrderTrackingIntf</service-endpoint-interface>
      <service-impl-bean>
        <ejb-link>OtEndpointBean</ejb-link>
      </service-impl-bean>
      <handler>
       <handler-name>OtHandler</handler-name>
       <handler-class>com.sun.j2ee.blueprints.opc.otwebservice.OtMessageHandler</handler-class>
      </handler>
    </port-component>
  </webservice-description>

  <webservice-description>
    <webservice-description-name>WebServiceBroker</webservice-description-name>
    <wsdl-file>META-INF/wsdl/WebServiceBroker.wsdl</wsdl-file>
    <jaxrpc-mapping-file>META-INF/WebServiceBroker-mapping.xml</jaxrpc-mapping-file>
    <port-component>
      <description>port component description</description>
      <port-component-name>BrokerServiceIntfPort</port-component-name>
      <wsdl-port xmlns:WSBrokerns="urn:WebServiceBroker/wsdl">WSBrokerns:BrokerServiceIntfPort</wsdl-port>
      <service-endpoint-interface>com.sun.j2ee.blueprints.opc.webservicebroker.provider.BrokerServiceIntf</service-endpoint-interface>
      <service-impl-bean>
          <ejb-link>BrokerServiceBean</ejb-link>
      </service-impl-bean>
    </port-component>
  </webservice-description>
</webservices>
