<?xml version="1.0" encoding="UTF-8"?>
<!DOCTYPE sun-ejb-jar PUBLIC "-//Sun Microsystems, Inc.//DTD Application Server
8.0 EJB 2.1//EN" "http://www.sun.com/software/appserver/dtds/sun-ejb-jar_2_1-0.dtd">
<sun-ejb-jar>
  <enterprise-beans>
    <name>BankJAR</name>
    <ejb>
      <ejb-name>CreditCardEndpointBean</ejb-name>
      <jndi-name>CreditCardEndpointBean</jndi-name>
      <bean-pool>
        <steady-pool-size>0</steady-pool-size>
        <resize-quantity>60</resize-quantity>
        <max-pool-size>60</max-pool-size>
        <pool-idle-timeout-in-seconds>900</pool-idle-timeout-in-seconds>
      </bean-pool>
      <webservice-endpoint>
        <port-component-name>CreditCardIntfPort</port-component-name>
        <endpoint-address-uri>webservice/CreditCardService</endpoint-address-uri>
      </webservice-endpoint>
    </ejb>
  </enterprise-beans>
</sun-ejb-jar>
