<?xml version="1.0" encoding="UTF-8"?>
<!-- 
/*
* Copyright 2005 Sun Microsystems, Inc. All rights reserved.
*
* Redistribution and use in source and binary forms, with or without
* modification, are permitted provided that the following conditions
* are met:
*
* - Redistributions of source code must retain the above copyright
*   notice, this list of conditions and the following disclaimer.
*
* - Redistribution in binary form must reproduce the above copyright
*   notice, this list of conditions and the following disclaimer in
*   the documentation and/or other materials provided with the
*   distribution.
*
* Neither the name of Sun Microsystems, Inc. or the names of
* contributors may be used to endorse or promote products derived
* from this software without specific prior written permission.
*
* This software is provided "AS IS," without a warranty of any
* kind. ALL EXPRESS OR IMPLIED CONDITIONS, REPRESENTATIONS AND
* WARRANTIES, INCLUDING ANY IMPLIED WARRANTY OF MERCHANTABILITY,
* FITNESS FOR A PARTICULAR PURPOSE OR NON-INFRINGEMENT, ARE HEREBY
* EXCLUDED. SUN AND ITS LICENSORS SHALL NOT BE LIABLE FOR ANY DAMAGES
* SUFFERED BY LICENSEE AS A RESULT OF USING, MODIFYING OR
* DISTRIBUTING THE SOFTWARE OR ITS DERIVATIVES. IN NO EVENT WILL SUN
* OR ITS LICENSORS BE LIABLE FOR ANY LOST REVENUE, PROFIT OR DATA, OR
* FOR DIRECT, INDIRECT, SPECIAL, CONSEQUENTIAL, INCIDENTAL OR
* PUNITIVE DAMAGES, HOWEVER CAUSED AND REGARDLESS OF THE THEORY OF
* LIABILITY, ARISING OUT OF THE USE OF OR INABILITY TO USE SOFTWARE,
* EVEN IF SUN HAS BEEN ADVISED OF THE POSSIBILITY OF SUCH DAMAGES.
*
* You acknowledge that Software is not designed, licensed or intended
* for use in the design, construction, operation or maintenance of
* any nuclear facility.
*/
-->

<webservices xmlns="http://java.sun.com/xml/ns/j2ee"
      xmlns:xsi="http://www.w3.org/2001/XMLSchema-instance"
      xsi:schemaLocation="http://java.sun.com/xml/ns/j2ee
        http://www.ibm.com/webservices/xsd/j2ee_web_services_1_1.xsd"
      version="1.1">
  <description>desc</description>
  <webservice-description>
    <webservice-description-name>CreditCardService</webservice-description-name>
    <wsdl-file>META-INF/wsdl/CreditCardService.wsdl</wsdl-file>
    <jaxrpc-mapping-file>META-INF/CreditCardService-mapping.xml</jaxrpc-mapping-file>
    <port-component>
      <description>port component description</description>
      <port-component-name>CreditCardIntfPort</port-component-name>
      <wsdl-port xmlns:CreditCardns="urn:CreditCardService/wsdl">CreditCardns:CreditCardIntfPort</wsdl-port>
      <service-endpoint-interface>com.sun.j2ee.blueprints.bank.creditcardservice.CreditCardIntf</service-endpoint-interface>
      <service-impl-bean>
        <ejb-link>CreditCardEndpointBean</ejb-link>
      </service-impl-bean>
    </port-component>
  </webservice-description>
</webservices>
