<?xml version="1.0" encoding="UTF-8"?>
<!--
*** GENERATED FROM project.xml - DO NOT EDIT  ***
***         EDIT ../build.xml INSTEAD         ***

For the purpose of easier reading the script
is divided into following sections:

  - initialization
  - compilation
  - dist
  - execution
  - debugging
  - javadoc
  - cleanup

-->
<project name="Bank-impl" default="build" basedir=".." xmlns:ear2="http://www.netbeans.org/ns/j2ee-earproject/2">
    <target name="default" depends="dist,javadoc" description="Build whole project."/>
    <!-- 
    ======================
    INITIALIZATION SECTION 
    ======================
    -->
    <target name="pre-init">
        <!-- Empty placeholder for easier customization. -->
        <!-- You can override this target in the ../build.xml file. -->
    </target>
    <target name="init-private" depends="pre-init">
        <property file="nbproject/private/private.properties"/>
    </target>
    <target name="init-userdir" depends="pre-init,init-private">
        <property name="user.properties.file" location="${netbeans.user}/build.properties"/>
    </target>
    <target name="init-user" depends="pre-init,init-private,init-userdir">
        <property file="${user.properties.file}"/>
    </target>
    <target name="init-project" depends="pre-init,init-private,init-userdir,init-user">
        <property file="nbproject/project.properties"/>
    </target>
    <target name="do-init" depends="pre-init,init-private,init-userdir,init-user,init-project">
        <!-- The two properties below are usually overridden -->
        <!-- by the active platform. Just a fallback. -->
        <property name="default.javac.source" value="1.4"/>
        <property name="default.javac.target" value="1.4"/>
        <condition property="no.javadoc.preview">
            <isfalse value="${javadoc.preview}"/>
        </condition>
        <condition property="do.compile.jsps">
            <istrue value="${compile.jsps}"/>
        </condition>
        <condition property="do.display.browser">
            <and>
                <istrue value="${display.browser}"/>
                <contains string="${client.module.uri}" substring=".war"/>
            </and>
        </condition>
        <available property="has.custom.manifest" file="${meta.inf}/MANIFEST.MF"/>
    </target>
    <target name="post-init">
        <!-- Empty placeholder for easier customization. -->
        <!-- You can override this target in the ../build.xml file. -->
    </target>
    <target name="init-check" depends="pre-init,init-private,init-userdir,init-user,init-project,do-init">
        <fail unless="src.dir">Must set src.dir</fail>
        <fail unless="build.dir">Must set build.dir</fail>
        <fail unless="build.archive.dir">Must set build.archive.dir</fail>
        <fail unless="build.generated.dir">Must set build.generated.dir</fail>
        <fail unless="dist.dir">Must set dist.dir</fail>
        <fail unless="build.classes.dir">Must set build.classes.dir</fail>
        <fail unless="dist.javadoc.dir">Must set dist.javadoc.dir</fail>
        <fail unless="build.classes.excludes">Must set build.classes.excludes</fail>
        <fail unless="dist.jar">Must set dist.jar</fail>
    </target>
    <target name="init-macrodef-javac">
        <macrodef name="javac" uri="http://www.netbeans.org/ns/j2ee-earproject/1">
            <attribute name="srcdir" default="${src.dir}"/>
            <attribute name="destdir" default="${build.classes.dir}"/>
            <attribute name="classpath" default="${javac.classpath}"/>
            <attribute name="debug" default="${javac.debug}"/>
            <element name="customize" optional="true"/>
            <sequential>
                <javac srcdir="@{srcdir}" destdir="@{destdir}" debug="@{debug}" deprecation="${javac.deprecation}" source="${javac.source}" target="${javac.target}" includeantruntime="false">
                    <classpath>
                        <path path="@{classpath}"/>
                    </classpath>
                    <customize/>
                </javac>
            </sequential>
        </macrodef>
    </target>
    <target name="init-macrodef-nbjpda">
        <macrodef name="nbjpdastart" uri="http://www.netbeans.org/ns/j2ee-earproject/1">
            <attribute name="name" default="${main.class}"/>
            <attribute name="classpath" default="${debug.classpath}"/>
            <sequential>
                <nbjpdastart transport="dt_socket" addressproperty="jpda.address" name="@{name}">
                    <classpath>
                        <path path="@{classpath}"/>
                    </classpath>
                </nbjpdastart>
            </sequential>
        </macrodef>
        <macrodef name="nbjpdareload" uri="http://www.netbeans.org/ns/j2ee-earproject/1">
            <attribute name="dir" default="${build.classes.dir}"/>
            <sequential>
                <nbjpdareload>
                    <fileset includes="${fix.includes}*.class" dir="@{dir}"/>
                </nbjpdareload>
            </sequential>
        </macrodef>
    </target>
    <target name="init-macrodef-debug">
        <macrodef name="debug" uri="http://www.netbeans.org/ns/j2ee-earproject/1">
            <attribute name="classname" default="${main.class}"/>
            <attribute name="classpath" default="${debug.classpath}"/>
            <attribute name="args" default="${application.args}"/>
            <sequential>
                <java fork="true" classname="@{classname}">
                    <jvmarg value="-Xdebug"/>
                    <jvmarg value="-Xnoagent"/>
                    <jvmarg value="-Djava.compiler=none"/>
                    <jvmarg value="-Xrunjdwp:transport=dt_socket,address=${jpda.address}"/>
                    <classpath>
                        <path path="@{classpath}"/>
                    </classpath>
                    <arg line="@{args}"/>
                </java>
            </sequential>
        </macrodef>
    </target>
    <target name="init" depends="pre-init,init-private,init-userdir,init-user,init-project,do-init,post-init,init-check,init-macrodef-javac,init-macrodef-nbjpda,init-macrodef-debug"/>
    <!--
    ===================
    COMPILATION SECTION
    ===================
    -->
    <target name="deps-jar" depends="init" unless="no.deps"/>
    <target name="deps-j2ee-archive" depends="init" unless="no.deps">
        <ant target="dist-ear" inheritall="false" antfile="${project.Bank-ejb}/build.xml">
            <property name="dist.ear.dir" location="${build.dir}"/>
        </ant>
    </target>
    <target name="pre-pre-compile" depends="init,deps-jar,deps-j2ee-archive">
        <mkdir dir="${build.classes.dir}"/>
    </target>
    <target name="pre-compile">
        <!-- Empty placeholder for easier customization. -->
        <!-- You can override this target in the ../build.xml file. -->
    </target>
    <target name="do-compile" depends="init,deps-jar,pre-pre-compile,pre-compile">
        <earproject:javac xmlns:earproject="http://www.netbeans.org/ns/j2ee-earproject/1"/>
        <copy todir="${build.dir}/META-INF">
            <fileset dir="${meta.inf}"/>
        </copy>
        <copy file="${reference.Bank-ejb.dist-ear}" todir="${build.dir}//"/>
    </target>
    <target name="post-compile">
        <!-- Empty placeholder for easier customization. -->
        <!-- You can override this target in the ../build.xml file. -->
    </target>
    <target name="compile" depends="init,deps-jar,pre-pre-compile,pre-compile,do-compile,post-compile" description="Compile project."/>
    <target name="pre-compile-single">
        <!-- Empty placeholder for easier customization. -->
        <!-- You can override this target in the ../build.xml file. -->
    </target>
    <target name="do-compile-single" depends="init,deps-jar,pre-pre-compile">
        <fail unless="javac.includes">Must select some files in the IDE or set javac.includes</fail>
        <earproject:javac xmlns:earproject="http://www.netbeans.org/ns/j2ee-earproject/1">
            <customize>
                <include name="${javac.includes}"/>
            </customize>
        </earproject:javac>
    </target>
    <target name="post-compile-single">
        <!-- Empty placeholder for easier customization. -->
        <!-- You can override this target in the ../build.xml file. -->
    </target>
    <target name="compile-single" depends="init,deps-jar,pre-pre-compile,pre-compile-single,do-compile-single,post-compile-single"/>
    <!--
    ====================
    DIST BUILDING SECTION
    ====================
    -->
    <target name="pre-dist">
        <!-- Empty placeholder for easier customization. -->
        <!-- You can override this target in the ../build.xml file. -->
    </target>
    <target name="do-dist-without-manifest" depends="init,compile,pre-dist" unless="has.custom.manifest">
        <dirname property="dist.jar.dir" file="${dist.jar}"/>
        <mkdir dir="${dist.jar.dir}"/>
        <jar jarfile="${dist.jar}" compress="${jar.compress}">
            <fileset dir="${build.dir}"/>
        </jar>
    </target>
    <target name="do-dist-with-manifest" depends="init,compile,pre-dist" if="has.custom.manifest">
        <dirname property="dist.jar.dir" file="${dist.jar}"/>
        <mkdir dir="${dist.jar.dir}"/>
        <jar jarfile="${dist.jar}" compress="${jar.compress}" manifest="${meta.inf}/MANIFEST.MF">
            <fileset dir="${build.dir}"/>
        </jar>
    </target>
    <target name="post-dist">
        <!-- Empty placeholder for easier customization. -->
        <!-- You can override this target in the ../build.xml file. -->
    </target>
    <target name="dist" depends="init,compile,pre-dist,do-dist-without-manifest,do-dist-with-manifest,post-dist" description="Build distribution (JAR)."/>
    <!--
    =================
    EXECUTION SECTION
    =================
    -->
    <target name="run" depends="run-deploy,run-display-browser" description="Deploy to server."/>
    <target name="run-deploy" depends="dist">
        <nbdeploy debugmode="false" forceRedeploy="${forceRedeploy}" clientUrlPart="${client.urlPart}" clientModuleUri="${client.module.uri}"/>
    </target>
    <target name="verify" depends="dist">
        <nbverify file="${dist.jar}"/>
    </target>
    <target name="run-display-browser" if="do.display.browser" depends="run-deploy">
        <nbbrowse url="${client.url}"/>
    </target>
    <!--
    =================
    DEBUGGING SECTION
    =================
    -->
    <target name="debug" depends="run-debug,run-display-browser" description="Deploy to server."/>
    <target name="run-debug" description="Debug project in IDE." depends="dist" if="netbeans.home">
        <nbdeploy debugmode="true" clientUrlPart="${client.urlPart}" clientModuleUri="${client.module.uri}"/>
        <nbjpdaconnect name="${name}" host="${jpda.host}" address="${jpda.address}" transport="${jpda.transport}">
            <classpath>
                <path path="${debug.classpath}"/>
            </classpath>
            <sourcepath>
                <path path="${ear.docbase.dirs}"/>
            </sourcepath>
        </nbjpdaconnect>
    </target>
    <target name="pre-debug-fix" depends="init">
        <fail unless="fix.includes">Must set fix.includes</fail>
        <property name="javac.includes" value="${fix.includes}.java"/>
    </target>
    <target name="do-debug-fix" if="netbeans.home" depends="init,pre-debug-fix,compile-single">
        <j2seproject:nbjpdareload xmlns:j2seproject="http://www.netbeans.org/ns/j2se-project/1"/>
    </target>
    <target name="debug-fix" if="netbeans.home" depends="init,pre-debug-fix,do-debug-fix"/>
    <!--
    ===============
    JAVADOC SECTION
    ===============
    -->
    <target name="javadoc-build" depends="init">
        <mkdir dir="${dist.javadoc.dir}"/>
        <javadoc destdir="${dist.javadoc.dir}" source="${javac.source}" notree="${javadoc.notree}" use="${javadoc.use}" nonavbar="${javadoc.nonavbar}" noindex="${javadoc.noindex}" splitindex="${javadoc.splitindex}" author="${javadoc.author}" version="${javadoc.version}" windowtitle="${javadoc.windowtitle}" private="${javadoc.private}">
            <classpath>
                <path path="${javac.classpath}"/>
            </classpath>
            <sourcepath>
                <pathelement location="${src.dir}"/>
            </sourcepath>
            <fileset dir="${src.dir}"/>
        </javadoc>
    </target>
    <target name="javadoc-browse" if="netbeans.home" unless="no.javadoc.preview" depends="init,javadoc-build">
        <nbbrowse file="${dist.javadoc.dir}/index.html"/>
    </target>
    <target name="javadoc" depends="init,javadoc-build,javadoc-browse" description="Build Javadoc."/>
    <!--
    ===============
    CLEANUP SECTION
    ===============
    -->
    <target name="deps-clean" depends="init" unless="no.deps">
        <ant target="clean-ear" inheritall="false" antfile="${project.Bank-ejb}/build.xml">
            <property name="dist.ear.dir" location="${build.dir}"/>
        </ant>
    </target>
    <target name="do-clean" depends="init">
        <delete dir="${build.dir}"/>
        <delete dir="${dist.dir}"/>
        <delete dir="${build.dir}"/>
    </target>
    <target name="post-clean">
        <!-- Empty placeholder for easier customization. -->
        <!-- You can override this target in the ../build.xml file. -->
    </target>
    <target name="clean" depends="init,deps-clean,do-clean,post-clean" description="Clean build products."/>
</project>
