<?xml version="1.0" encoding="UTF-8"?>
<project xmlns="http://www.netbeans.org/ns/project/1">
    <type>org.netbeans.modules.ant.freeform</type>
    <configuration>
        <general-data xmlns="http://www.netbeans.org/ns/freeform-project/1">
            <!--Do not use Project Properties customizer when editing this file manually.-->
            <name>adventure_setup</name>
            <properties>
                <property name="ant.script">setup.xml</property>
            </properties>
            <folders/>
            <ide-actions>
                <action name="build">
                    <script>${ant.script}</script>
                    <target>setup</target>
                </action>
                <action name="clean">
                    <script>${ant.script}</script>
                    <target>unsetup</target>
                </action>
                <action name="javadoc">
                    <script>${ant.script}</script>
                    <target>javadocs</target>
                </action>
                <action name="rebuild">
                    <script>${ant.script}</script>
                    <target>unsetup</target>
                    <target>setup</target>
                </action>
                <action name="run">
                    <script>${ant.script}</script>
                    <target>setup</target>
                </action>
            </ide-actions>
            <view>
                <items>
                    <source-file>
                        <location>${ant.script}</location>
                    </source-file>
                </items>
                <context-menu>
                    <ide-action name="build"/>
                    <ide-action name="clean"/>
                    <ide-action name="javadoc"/>
                    <ide-action name="rebuild"/>
                    <ide-action name="run"/>
                </context-menu>
            </view>
            <subprojects/>
        </general-data>
        <java-data xmlns="http://www.netbeans.org/ns/freeform-project-java/1"/>
    </configuration>
</project>
