<!--
/*
* Copyright 2005 Sun Microsystems, Inc. All rights reserved.
*
* Redistribution and use in source and binary forms, with or without
* modification, are permitted provided that the following conditions
* are met:
*
* - Redistributions of source code must retain the above copyright
*   notice, this list of conditions and the following disclaimer.
*
* - Redistribution in binary form must reproduce the above copyright
*   notice, this list of conditions and the following disclaimer in
*   the documentation and/or other materials provided with the
*   distribution.
*
* Neither the name of Sun Microsystems, Inc. or the names of
* contributors may be used to endorse or promote products derived
* from this software without specific prior written permission.
*
* This software is provided "AS IS," without a warranty of any
* kind. ALL EXPRESS OR IMPLIED CONDITIONS, REPRESENTATIONS AND
* WARRANTIES, INCLUDING ANY IMPLIED WARRANTY OF MERCHANTABILITY,
* FITNESS FOR A PARTICULAR PURPOSE OR NON-INFRINGEMENT, ARE HEREBY
* EXCLUDED. SUN AND ITS LICENSORS SHALL NOT BE LIABLE FOR ANY DAMAGES
* SUFFERED BY LICENSEE AS A RESULT OF USING, MODIFYING OR
* DISTRIBUTING THE SOFTWARE OR ITS DERIVATIVES. IN NO EVENT WILL SUN
* OR ITS LICENSORS BE LIABLE FOR ANY LOST REVENUE, PROFIT OR DATA, OR
* FOR DIRECT, INDIRECT, SPECIAL, CONSEQUENTIAL, INCIDENTAL OR
* PUNITIVE DAMAGES, HOWEVER CAUSED AND REGARDLESS OF THE THEORY OF
* LIABILITY, ARISING OUT OF THE USE OF OR INABILITY TO USE SOFTWARE,
* EVEN IF SUN HAS BEEN ADVISED OF THE POSSIBILITY OF SUCH DAMAGES.
*
* You acknowledge that Software is not designed, licensed or intended
* for use in the design, construction, operation or maintenance of
* any nuclear facility.
*/

-->

<!-- common.xml: Referenced by various build.xml files, this file
     contains targets common to all of the jaxrpc examples.  -->

  <!-- include user specific build properties -->
  <property file="${user.home}/adventure.properties"/>

  <!-- include properties overrides specific to this build file -->
  <property file="build.properties"/>

  <!-- include top-level common properties -->
  <property file="${root.dir}/build.properties"/>

  <!-- include properties required by the asadmin utility-->
  <property file="${root.dir}/setup/setup.properties"/>

  <!-- The destination directory for all the compiled classes -->
  <property name="classes.dir" value="${build.dir}/classes"/>

  <!--jdk version for source compatibility, used in source option of javac -->
  <property name="jdk.source.version" value="1.4"/>

  &appServerAntCommands; <!-- include app-server specific ant commands  -->

  <path id="compile.classpath">
    <pathelement location="${classes.dir}"/>
    <path refid="j2ee.classpath" />
  </path>

  <!-- Cleans the build directory
  REQUIRED PROPERTIES
    build.dir if not present then this target fails
  -->
  <target name="clean" description="Removes the build directory">
  <!--
    <fail unless="build.dir" message="build.dir must be set before invoking this target"/>
    <delete dir="${build.dir}" />
   -->
  </target>

  <!-- properties used by this target: 
  REQUIRED PROPERTIES
    banner.title if not present then this target is not executed
  -->
  <target name="banner" if="banner.title">
      <echo>+---------------------------------------+</echo>
      <echo>+    ${banner.title}           </echo>
      <echo>+---------------------------------------+</echo>
  </target>

  <!-- Builds javadocs for a set of source files
  REQUIRED PROPERTIES
    javadocs.classpath = the classpath needed to build the javadocs
    javadocs.sourcepath = the sourcepath for all the classes for which javadocs needs to be built
  OPTIONAL PROPERTIES
    javadocs.dir = destination directory for the Javadocs. defaults to ${build.dir}/docs/api
    javadocs.packagenames = defaults to a suitable catch-all
    javadocs.doctitle = defaults to a generic title
    javadocs.windowtitle = defaults to the value of javadocs.doctitle
    javadocs.author = true | false, defaults to false
    javadocs.version = true | false, defaults to true
    javadocs.use = true | false, defaults to true
    javadocs.copyright = defaults to a suitable value
  -->
  <target name="javadocs">
    <!-- These two conditions can not be checked since currently there
  is no way in Ant of verifying if a refid is present or not
    <fail unless="javadocs.classpath" message="javadocs.classpath must be defined before invoking this target"/>
    <fail unless="javadocs.sourcepath" message="javadocs.classpath
  must be defined before invoking this target"/>
    -->
    <condition property="javadocs.dir.dontknow">
      <or>
        <isset property="javadocs.dir"/>
        <isset property="build.dir"/>
      </or>
    </condition>
    <fail unless="javadocs.dir.dontknow" message="javadocs.dir must be defined before invoking this target. If you would prefer to use the default location then ensure that build.dir is defined. "/>

    <!-- Setting default values for various properties. Relying on the
    fact that these ant statements will have no effect if these properties are
    already set. -->
    <property name="javadocs.dir" value="${build.dir}/docs/api"/>
    <property name="javadocs.packagenames" value="com.sun.j2ee.blueprints.*"/>
    <property name="javadocs.doctitle" value="Component API Docs"/>
    <property name="javadocs.windowtitle" value="${javadocs.doctitle}"/>
    <property name="javadocs.author" value="false"/>
    <property name="javadocs.version" value="true"/>
    <property name="javadocs.use" value="true"/>
    <property name="javadocs.copyright" value="Copyright &#169; 2002 Sun Microsystems Inc. All Rights Reserved."/>
    <mkdir dir="${javadocs.dir}"/>
    <javadoc packagenames="${javadocs.packagenames}"
             destdir="${javadocs.dir}"
             author="${javadocs.author}" version="${javadocs.version}" use="${javadocs.use}"
             windowtitle="${javadocs.windowtitle}"
             doctitle="${javadocs.doctitle}"
             additionalparam="-linksource"
             bottom="${copyright.notice}">
      <classpath>
        <path refid="javadocs.classpath"/>
      </classpath>
      <sourcepath>
        <path refid="javadocs.sourcepath"/>
      </sourcepath>
    </javadoc>
  </target>

