<?xml version="1.0"?>
<!-- 
/*
* Copyright 2005 Sun Microsystems, Inc. All rights reserved.
*
* Redistribution and use in source and binary forms, with or without
* modification, are permitted provided that the following conditions
* are met:
*
* - Redistributions of source code must retain the above copyright
*   notice, this list of conditions and the following disclaimer.
*
* - Redistribution in binary form must reproduce the above copyright
*   notice, this list of conditions and the following disclaimer in
*   the documentation and/or other materials provided with the
*   distribution.
*
* Neither the name of Sun Microsystems, Inc. or the names of
* contributors may be used to endorse or promote products derived
* from this software without specific prior written permission.
*
* This software is provided "AS IS," without a warranty of any
* kind. ALL EXPRESS OR IMPLIED CONDITIONS, REPRESENTATIONS AND
* WARRANTIES, INCLUDING ANY IMPLIED WARRANTY OF MERCHANTABILITY,
* FITNESS FOR A PARTICULAR PURPOSE OR NON-INFRINGEMENT, ARE HEREBY
* EXCLUDED. SUN AND ITS LICENSORS SHALL NOT BE LIABLE FOR ANY DAMAGES
* SUFFERED BY LICENSEE AS A RESULT OF USING, MODIFYING OR
* DISTRIBUTING THE SOFTWARE OR ITS DERIVATIVES. IN NO EVENT WILL SUN
* OR ITS LICENSORS BE LIABLE FOR ANY LOST REVENUE, PROFIT OR DATA, OR
* FOR DIRECT, INDIRECT, SPECIAL, CONSEQUENTIAL, INCIDENTAL OR
* PUNITIVE DAMAGES, HOWEVER CAUSED AND REGARDLESS OF THE THEORY OF
* LIABILITY, ARISING OUT OF THE USE OF OR INABILITY TO USE SOFTWARE,
* EVEN IF SUN HAS BEEN ADVISED OF THE POSSIBILITY OF SUCH DAMAGES.
*
* You acknowledge that Software is not designed, licensed or intended
* for use in the design, construction, operation or maintenance of
* any nuclear facility.
*/
-->

<!DOCTYPE project [
  <!ENTITY commonAntCommands SYSTEM "./common-ant.xml">
  <!ENTITY appServerAntCommands SYSTEM "./app-server-ant.xml">
]>

<project name="../adventure_setup" default="core" basedir=".">

  <!-- path to root -->
  <property name="root.dir" value="."/>
  <!-- pointbase property for SQL prompt -->
  <property name="prompt2" value="true"/>
  &commonAntCommands; <!-- include common ant commands -->
    
  <!-- include properties required by the asadmin utility--> 
  <property file="${j2ee.home}/samples/common.properties"/>
  <property file="./database.properties"/>
  <property file="./build.properties"/>
  <property file="./setup.properties"/>


  <property name="verify.result.dir" value="verifierResult"/>

 <target name="core" depends="tools,setup-db,populate,create-jdbc-resource-ab-catalog,create-jdbc-resource-ab,create-jms-connection-opc,create-jms-resource-opc,create-jms-resource-supplier,create-jms-connection-supplier">
    <echo message="The J2EE SDK has now successfully configured the Adventure Builder application."/>
    <echo message="run asant deploy to deploy the Adventure Builder application."/>
 </target>

 <target name="unsetup" depends="delete-jdbc-connection-pool-ab,delete-jdbc-connection-pool-ab-catalog,unsetup-db,delete-jms-connections-supplier,delete-jms-connections-opc,delete-mail-resource">
    <echo message="The J2EE SDK has now successfully unconfigured the Adventure Builder application."/>
    <echo message="To reconfigure, asant deploy to deploy the Adventure Builder application."/>
 </target>

 <target name="unsetup-db">
     <sql driver="com.pointbase.jdbc.jdbcUniversalDriver" url="jdbc:pointbase:server://${j2ee.server.name}:${db.port}/${db.name}" userid="pbpublic" password="pbpublic" classpath="${j2ee.home}/pointbase/lib/pbclient.jar" onerror="continue">
         DROP USER adventurebuilder;       
         DROP SCHEMA adventurebuilder;
     </sql> 
 </target>

 <target name="setup-db">
     <sql driver="com.pointbase.jdbc.jdbcUniversalDriver" url="jdbc:pointbase:server://${j2ee.server.name}:${db.port}/${db.name}" userid="pbpublic" password="pbpublic" classpath="${j2ee.home}/pointbase/lib/pbclient.jar" onerror="continue">
         DROP USER adventurebuilder; 
         CREATE USER adventurebuilder PASSWORD adventurebuilder;
         DROP SCHEMA adventurebuilder;
         CREATE SCHEMA adventurebuilder AUTHORIZATION adventurebuilder;
     </sql> 
 </target>
 
 <target name="create-jdbc-connection-pool-ab-catalog" depends="tools,setup-db">
    <echo message="Registering jdbc-connection-pool AdventureCatalogPool."/>
    <antcall target="create-jdbc-connection-poolpb">
      <param name="pool.name"     value="AdventureCatalogPool" />
      <param name="db.user"       value="adventurebuilder" />
      <param name="db.password"   value="adventurebuilder" />
      <param name="ds.class"      value="com.pointbase.xa.xaDataSource" />
      <param name="db.url"        value="jdbc\:pointbase\:server\://${j2ee.server.name}\:${db.port}/${db.name}" />
     </antcall>
 </target>
 
<target name="create-jdbc-connection-pool-ab" depends="tools,setup-db">
    <echo message="Registering jdbc-connection-pool AdventurePool."/>
    <antcall target="create-jdbc-connection-poolpb">
      <param name="pool.name"     value="AdventurePool" />
      <param name="db.user"       value="adventurebuilder" />
      <param name="db.password"   value="adventurebuilder" />
      <param name="ds.class"      value="com.pointbase.xa.xaDataSource" />
      <param name="db.url"        value="jdbc\:pointbase\:server\://${j2ee.server.name}\:${db.port}/${db.name}" />
     </antcall>
 </target>

 <target name="create-jdbc-resource-ab" depends="tools,create-jdbc-connection-pool-ab">
    <echo message="Registering jdbc resource jdbc/adventure/AdventureDB."/>
    <antcall target="create-jdbc-resource">
      <param name="pool.name"            value="AdventurePool" />
      <param name="jdbc.resource.name"   value="jdbc/adventure/AdventureDB" />
    </antcall>
 </target>

 <target name="create-jdbc-resource-ab-catalog" depends="tools,create-jdbc-connection-pool-ab-catalog">
    <echo message="Registering jdbc resource jdbc/CatalogDB."/>
    <antcall target="create-jdbc-resource">
      <param name="pool.name"            value="AdventureCatalogPool" />
      <param name="jdbc.resource.name"   value="jdbc/CatalogDB" />
    </antcall>
 </target> 
 
<target name="create-jms-resource-supplier" depends="tools">
    <echo message="Creating JMS Queue for SUPPIER."/>
    <antcall target="create-jms-resource">
	<param name="jms.restype"	  value="javax.jms.Queue" />
	<param name="jms.resource.name"	  value="jms/activity/ActivityQueue" />
      <param name="jms.resource.property" value="imqDestinationName=jms_activity_ActivityQueue" />
    </antcall>
    <antcall target="create-jms-resource">
	<param name="jms.restype"	  value="javax.jms.Queue" />
	<param name="jms.resource.name"	  value="jms/lodging/LodgingQueue" />
      <param name="jms.resource.property" value="imqDestinationName=jms_lodging_LodgingQueue" />
    </antcall>
    <antcall target="create-jms-resource">
	<param name="jms.restype"	  value="javax.jms.Queue" />
	<param name="jms.resource.name"	  value="jms/airline/AirlineQueue" />
      <param name="jms.resource.property" value="imqDestinationName=jms_airline_AirlineQueue" />
    </antcall>
 </target>
 
  <target name="create-jms-connection-supplier" depends="tools">
    <echo message="Creating JMS Connection for SUPPLIER."/>
    <antcall target="create-jms-connection">
      <param name="jms.restype"		value="javax.jms.QueueConnectionFactory" />
      <param name="jms.resource.name"	value="jms/activity/QueueConnectionFactory" />
    </antcall>
    <antcall target="create-jms-connection">
      <param name="jms.restype"		value="javax.jms.QueueConnectionFactory" />
      <param name="jms.resource.name"	value="jms/lodging/QueueConnectionFactory" />
    </antcall>
    <antcall target="create-jms-connection">
      <param name="jms.restype"		value="javax.jms.QueueConnectionFactory" />
      <param name="jms.resource.name"	value="jms/airline/QueueConnectionFactory" />
    </antcall>
 </target>
 
 <target name="delete-jms-connections-supplier" depends="tools">
    <echo message="Deleting JMS Connections for SUPPLIER."/>
    <antcall target="delete-jms-resource">
      <param name="jms.resource.name"	value="jms/activity/ActivityQueue" />
    </antcall>
        <antcall target="delete-jms-resource">
      <param name="jms.resource.name"	value="jms/lodging/LodgingQueue" />
    </antcall>
        <antcall target="delete-jms-resource">
      <param name="jms.resource.name"	value="jms/airline/AirlineQueue" />
    </antcall>
    <antcall target="delete-jms-resource">
      <param name="jms.resource.name"	value="jms/activity/QueueConnectionFactory" />
    </antcall>
    <antcall target="delete-jms-resource">
      <param name="jms.resource.name"	value="jms/lodging/QueueConnectionFactory" />
    </antcall>
    <antcall target="delete-jms-resource">
      <param name="jms.resource.name"	value="jms/airline/QueueConnectionFactory" />
    </antcall>
 </target>

<target name="create-jms-resource-opc" depends="tools">
    <echo message="Creating JMS Queue for OPC."/>
    <antcall target="create-jms-resource">
      <param name="jms.restype"                   value="javax.jms.Queue" />
      <param name="jms.resource.name"             value="jms/opc/WorkFlowMgrQueue" />
      <param name="jms.resource.property" value="imqDestinationName=jms_opc_WorkFlowMgrQueue" />
     </antcall>
    <antcall target="create-jms-resource">
      <param name="jms.restype"                   value="javax.jms.Queue" />
      <param name="jms.resource.name"             value="jms/opc/CRMQueue" />
      <param name="jms.resource.property" value="imqDestinationName=jms_opc_CRMQueue" />
     </antcall>
    <antcall target="create-jms-resource">
      <param name="jms.restype"                   value="javax.jms.Queue" />
      <param name="jms.resource.name"             value="jms/opc/WebServiceBrokerQueue" />
      <param name="jms.resource.property" value="imqDestinationName=jms_opc_WebServiceBrokerQueue" />
     </antcall>
    <antcall target="create-jms-resource">
      <param name="jms.restype"                   value="javax.jms.Queue" />
      <param name="jms.resource.name"             value="jms/opc/OrderFillerQueue" />
      <param name="jms.resource.property" value="imqDestinationName=jms_opc_OrderFillerQueue" />
     </antcall>
 </target>

 <target name="create-jms-connection-opc" depends="tools">
    <echo message="Creating JMS Connection for OPC."/>
    <antcall target="create-jms-connection">
      <param name="jms.restype"   value="javax.jms.QueueConnectionFactory" />
      <param name="jms.resource.name"   value="jms/opc/QueueConnectionFactory" />
    </antcall>
 </target>
 
  <target name="delete-jms-connections-opc" depends="tools">
    <echo message="Deleting JMS Connections for OPC."/>
    <antcall target="delete-jms-resource">
      <param name="jms.resource.name"	value="jms/opc/WorkFlowMgrQueue" />
    </antcall>
        <antcall target="delete-jms-resource">
      <param name="jms.resource.name"	value="jms/opc/CRMQueue" />
    </antcall>
        <antcall target="delete-jms-resource">
      <param name="jms.resource.name"	value="jms/opc/WebServiceBrokerQueue" />
    </antcall>
    <antcall target="delete-jms-resource">
      <param name="jms.resource.name"	value="jms/opc/OrderFillerQueue" />
    </antcall>
    <antcall target="delete-jms-resource">
      <param name="jms.resource.name"	value="jms/opc/QueueConnectionFactory" />
    </antcall>
 </target>


  <target name="create-mail-resource" depends="tools">
    <echo message="Registering mail-resources."/>
    <echo message="Registering javamail-resource mail/opc/MailSession"/>
    <antcall target="create-javamail-resource">
      <param name="javamail.resource.name"   value="mail/opc/MailSession"/>
    </antcall>
  </target>

  <target name="delete-mail-resource" depends="tools">
    <echo message="Deleting mail-resources."/>
    <echo message="Deleting javamail-resource mail/opc/MailSession"/>
    <antcall target="delete-javamail-resource">
      <param name="javamail.resource.name"   value="mail/opc/MailSession"/>
    </antcall>
  </target>

 <target name="delete-jdbc-connection-pool-ab" depends="tools,delete-jdbc-resource-ab">
    <echo message="Deleting jdbc-connection-pool AdventurePool."/>
    <antcall target="delete-jdbc-connection-pool">
      <param name="jdbc.pool.name" value="AdventurePool" />
    </antcall>
 </target>

 <target name="delete-jdbc-resource-ab" depends="tools" >
    <echo message="Deleting jdbc resource  jdbc/adventure/AdventureDB"/>
    <antcall target="delete-jdbc-resource">
      <param name="jdbc.resource.name" value=" jdbc/adventure/AdventureDB" />
    </antcall> 
 </target>
 
 <target name="delete-jdbc-connection-pool-ab-catalog" depends="tools,delete-jdbc-resource-ab-catalog">
    <echo message="Deleting jdbc-connection-pool AdventureCatalogPool."/>
    <antcall target="delete-jdbc-connection-pool">
      <param name="jdbc.pool.name" value="AdventureCatalogPool" />
    </antcall>
 </target>

 <target name="delete-jdbc-resource-ab-catalog" depends="tools" >
    <echo message="Deleting jdbc resource  jdbc/adventure/AdventureCatalogDB"/>
    <antcall target="delete-jdbc-resource">
      <param name="jdbc.resource.name" value=" jdbc/adventure/AdventureCatalogDB" />
    </antcall> 
 </target>
 
 <target name="deploy-apps">
    <antcall target="deploy">
     <param name="app.name" value="ConsumerWebsite"/>
      <param name="app.module"
        value="${root.dir}/consumerwebsite.ear"/>
    </antcall>
    <antcall target="deploy">
     <param name="app.name" value="OPC"/>
      <param name="app.module"
        value="${root.dir}/opc.ear"/>
    </antcall>
    <antcall target="deploy">
     <param name="app.name" value="Bank"/>
      <param name="app.module"
        value="${root.dir}/bank.ear"/>
    </antcall>
    <antcall target="deploy">
     <param name="app.name" value="ActivitySupplier"/>
      <param name="app.module"
        value="${root.dir}/activitysupplier.ear"/>
    </antcall>
    <antcall target="deploy">
     <param name="app.name" value="LodgingSupplier"/>
      <param name="app.module"
        value="${root.dir}/lodgingsupplier.ear"/>
    </antcall>
    <antcall target="deploy">
     <param name="app.name" value="AirlineSupplier"/>
      <param name="app.module"
        value="${root.dir}/airlinesupplier.ear"/>
    </antcall>
 </target>

 <target name="verify-apps" description="Static archive tests for all apps">
   <mkdir dir="${verify.result.dir}"/>
   <echo>The result files are stored in ${verify.result.dir}</echo>
   <antcall target="verify">
     <param name="app.module" value="../consumerwebsite.ear"/>
     <param name="verify.dest.dir" value="${verify.result.dir}"/>
   </antcall>
   <antcall target="verify">
     <param name="app.module" value="../airlinesupplier.ear"/>
     <param name="verify.dest.dir" value="${verify.result.dir}"/>
   </antcall>
   <antcall target="verify">
     <param name="app.module" value="../bank.ear"/>
     <param name="verify.dest.dir" value="${verify.result.dir}"/>
   </antcall>
   <antcall target="verify">
     <param name="app.module" value="../activitysupplier.ear"/>
     <param name="verify.dest.dir" value="${verify.result.dir}"/>
   </antcall>
   <antcall target="verify">
     <param name="app.module" value="../lodgingsupplier.ear"/>
     <param name="verify.dest.dir" value="${verify.result.dir}"/>
   </antcall>
   <antcall target="verify">
     <param name="app.module" value="../opc.ear"/>
     <param name="verify.dest.dir" value="${verify.result.dir}"/>
   </antcall>
 </target>

 <target name="populate"  depends="setup-db" > 
     <sql 
         driver="com.pointbase.jdbc.jdbcUniversalDriver" 
         url="jdbc:pointbase:server://${j2ee.server.name}:${db.port}/${db.name}" 
         userid="adventurebuilder" 
         password="adventurebuilder" 
         classpath="${j2ee.home}/pointbase/lib/pbclient.jar" 
         src="${db.sql.file}"
         onerror="continue">
     </sql>
 </target>
 
 
  <target name="configure_instance">  
    <echo>Correcting application server port...</echo>
    <copy  filtering="on" overwrite="yes" todir="./">
        <fileset dir="./">
	   <include name="**/*.template"/>
        </fileset>
        <filterset>
            <filter token="INSTANCE_PORT" value="${instance.port}"/>
            <filter token="INSTANCE_NAME" value="${instance.name}"/>
        </filterset>
        <mapper type="glob" from="*.template" to="*"/>
    </copy>    
  </target>

  <target name="setup" depends="configure_instance,core,create-mail-resource">
    <echo>Setting up DB, resources...</echo>             
  </target>
   
</project> 
